,Model Name,R2_Score
2,Ridge,0.8805931485028737
0,Linear Regression,0.8792220064484081
7,CatBoosting Regressor,0.8516318920747058
5,Random Forest Regressor,0.8514862658911098
8,AdaBoost Regressor,0.8439857345582495
6,XGBRegressor,0.8277965784072876
1,Lasso,0.8253197323627852
3,K-Neighbors Regressor,0.7838129945787431
4,Decision Tree,0.7567173943775417
